Labels,Document Files,Section,Issue Number,Title,Contributor
Feature,Auto-completion,Function completion,6173,EDIFACT and X12 lexers are missing from NP++,Yang
Feature,Auto-completion,Function completion,5296,Enable.disable auto-complete based on specific file/file type,Yang
Bug,Auto-completion,Sorting,7911,Add document length to Windows-dialog,Yang
Bug,Auto-completion,Auto-insertion,7742,Fix auto-insert bug,Yang
Bug,Auto-completion,Function completion,6233,Fix initialization of _monospacedFontFinfDlg parameter,Yang
Bug,Auto-completion,Auto-insertion,6032,Fix tag-names in slovenian.xml,Yang
Bug,Auto-completion,sorting,5893,Correctly sort absurdly large numbers,Yang
Bug,Auto-completion,Function completion,4572,Rebol lexer has incorrect lexer definition,Yang
Bug,Auto-completion,Sorting,3391,Crash on sort by column when selection beyond eol,Yang
Bug,Auto-completion,Auto-insertion,2050,N++ automatically closes XML Processing Instruction tag,Yang
Bug,Auto-completion,Auto-insertion,957,Auto-insert for XML comment incorrect,Yang
Bug,Auto-completion,sorting,443,"""Auto-indent"" option annoyances",Yang
Bug,Auto-completion,Auto-insertion,275,Auto-insert doesn't insert,Yang
Enhancement,auto-completion,Auto-completion ,584,Auto-insertion of apices too aggressive,Chang
Enhancement,auto-completion,Auto-completion ,450,Auto-Insert matching pair only before whitespace character or end of line,Chang
Enhancement,auto-completion,Auto-completion ,625,manually activated autocomplete list not properly working,Chang
Bug,binary-translation,Teach Notepad++ to speak your language easily,5236,japanese translation of ¡°find in file¡± window tabs broken,Yang
Bug,binary-translation,Teach Notepad++ to speak your language easily,5084,Update brazilian_portuguese.xml,Yang
Bug,binary-translation,Teach Notepad++ to speak your language easily,5083,Update portuguese.xml,Yang
Bug,binary-translation,Teach Notepad++ to speak your language easily,5082,Update spanish.xml,Yang
Bug,binary-translation,Teach Notepad++ to speak your language easily,5081,Update occitan.xml,Yang
Bug,binary-translation,Available translations,598,notepad++ It is not compatible with Arabic texts,Yang
Enhancement,binary-translation,binary-translation ,5594,add capabilty to translate file summary dialog info,Chang
Enhancement,binary-translation,binary-translation ,1487,There are string not settable from XML,Chang
Enhancement,binary-translation,binary-translation ,1475,Add 3 missing translatable items to master XML for 6.8.8,Chang
Enhancement,binary-translation,binary-translation ,717,translation: Update Chinese (Simplified) translation,Chang
Enhancement,binary-translation,binary-translation ,767,Update turkish.xml,Chang
Enhancement,binary-translation,binary-translation ,759,Add 2 missing translatable items to original XML (for 6.8.2),Chang
Enhancement,binary-translation,binary-translation ,758,Hungarian translation update for Notepad++ 6.8.2,Chang
Enhancement,binary-translation,binary-translation ,748,Update albanian.xml,Chang
Enhancement,binary-translation,binary-translation ,742,Update of Ukrainian lang,Chang
Enhancement,binary-translation,binary-translation ,728,[UPDATE] Bulgarian language,Chang
Enhancement,binary-translation,binary-translation ,688,Update turkish.xml,Chang
Enhancement,binary-translation,binary-translation ,678,Update portuguese.xml,Chang
Enhancement,binary-translation,binary-translation ,635,Update german.xml for 6.8,Chang
Enhancement,binary-translation,binary-translation ,626,Make status bar translatable,Chang
Enhancement,binary-translation,binary-translation ,599,Update portuguese.xml,Chang
Enhancement,binary-translation,binary-translation ,575,Update bulgarian.xml,Chang
Enhancement,binary-translation,binary-translation ,566,Update of German language file,Chang
Enhancement,binary-translation,binary-translation ,550,Update dutch language again,Chang
Enhancement,binary-translation,binary-translation ,541,Hungarian translation update for Notepad++ 6.8,Chang
Enhancement,binary-translation,binary-translation ,537,Update dutch language,Chang
Enhancement,binary-translation,binary-translation ,499,Update italian language 15.07.2015,Chang
Enhancement,binary-translation,binary-translation ,464,Repair and update of Ukrainian locale after fix encoding,Chang
Enhancement,binary-translation,binary-translation ,433,Update turkish.xml,Chang
Enhancement,binary-translation,binary-translation ,408,Hungarian translation update for Notepad++ 6.7.9.2,Chang
Feature,command-prompt,Help usage,5597,Copy file name too under folder As Workspace,Yang
Feature,command-prompt,Help usage,5574,"Context menu ""Folder as Workspace""",Yang
Feature,command-prompt,Help usage,4872,Remember read-only status of opened files,Yang
Feature,command-prompt,Help usage,4409,Read-only Flag Cleared Upon Close&Reopen,Yang
Feature,command-prompt,Help usage,1459,Dynamically share Notepad++ Configuration Between Multiple Instances '-multilnst',Yang
Feature,command-prompt,Help usage,621,Open one instance per virtual desktop,Yang
Feature,command-prompt,Help usage,545,Make buildin easter eggs optional (as plugin),Yang
Enhancement,command-prompt,command-prompt ,5883,Fix Notepad commandline style parsing,Chang
Enhancement,command-prompt,command-prompt ,2030,Added new Variable: NPP_ROOT_DIRECTORY,Chang
Enhancement,command-prompt,command-prompt ,2018,Recognize new file type when created from the command line,Chang
Enhancement,command-prompt,command-prompt ,2016,Notepad++ ignores the file type of a new file when invoked from command line,Chang
Enhancement,command-prompt,command-prompt ,923,Desired line is often hidden with -n argument,Chang
Enhancement,command-prompt,command-prompt ,753,Add a list of commonly available Linux commands.,Chang
Bug,config-files,Other Configuration Files,5664,File is erased on save when there is no free space left on disk,Yang
Bug,config-files,The context menu: contextMenu.xml,6111,Allow Rename (file) command to change file's drive,Yang
Bug,config-files,User Interface settings: config.xml,5845,-nosession' must not overwrite config.xml,Yang
Bug,config-files,<Macros>,5774,Fix bug in IDM_EDIT_CLEARREADONLY,Yang
Bug,config-files,<Macros>,5768,IDM_EDIT_CLEARREADONLY makes file readonly,Yang
Bug,config-files,Editing Configuration Files,3246,Enable save button after underlying file is changed externally,Yang
Bug,config-files,The context menu: contextMenu.xml,1996,Wrong language type when using explorer context menu,Yang
Bug,config-files,Editing Configuration Files,915,Save All Button is still enabled,Yang
Bug,config-files,Editing Configuration Files,850,Save All' button doesn't become greyed out when it should,Yang
Bug,config-files,Editing Configuration Files,529,"""Save"" not available after editing a file",Yang
Bug,config-files,The context menu: contextMenu.xml,734,Copy or Paste through Context Menu causes N++ window to change size,Yang
Bug,config-files,Keyboard shortcuts: shortcuts.xml,589,plugin shortcut configuration lost with option -noPlugin,Yang
Bug,config-files,The context menu: contextMenu.xml,492,Fix Context menu not shown regression bug [fixes issue #383],Yang
Bug,config-files,The context menu: contextMenu.xml,383,Context menu does not work after find in files,Yang
Enhancement,config-files,config-files ,5276,No more dummy in config file,Chang
Enhancement,config-files,config-files ,5065,PHP: Support styling of complex variables in strings,Chang
Enhancement,config-files,config-files ,2031,Improved Single Line Comment,Chang
Enhancement,config-files,config-files ,1848,VHDL language colorizer,Chang
Enhancement,config-files,config-files ,477,"shortcuts.xml: What's the meaning of ""Open in another instance""?",Chang
Enhancement,config-files,config-files ,661,Add syntax highlighting for ECMAScript 2016 (and fix ES5 syntax highlighting too),Chang
Enhancement,config-files,config-files ,779,Update german.xml,Chang
Enhancement,config-files,config-files ,542,Add 11 missing translatable items to original XML,Chang
Enhancement,config-files,config-files ,7738,"Add ""commandLineInterpreter"" setting in config.xml",Chang
Enhancement,config-files,config-files ,7737,User-configurable command line interpreter,Chang
Enhancement,config-files,config-files ,665,Store / Recall Layout View for dockables,Chang
Enhancement,config-files,config-files ,7980,Add support for auto-indenting Perl and Rust.,Chang
Enhancement,config-files,config-files ,1942,Appveyor artifacts debug and release,Chang
Feature,Editing,Dual View,2901,Needs more columns,Yang
Feature,Editing,Dual View,406,Double-click splitter to resize both panes to equal size,Yang
Bug,Editing,Column Mode & Column Editor,2820,NPP crash during column mode number insertion,Yang
Bug,Editing,Column Mode & Column Editor,1361,Column Editor,Yang
Bug,Editing,Column Mode & Column Editor,1237,"Column Mode & Column Editor""Update Notepad++"" requires certificate support (InitializeSecurityContext failed)",Yang
Bug,Editing,Dual View,548,Split screen mode  window does not maintain postion,Yang
Enhancement,editing,Editing ,465,drag-to-scroll  horizontal-panes  etc,Chang
Feature,Function-List,Link to Language,5729,Wbudowany Tlumacz,Yang
Feature,Function-List,How to customize function-list,276,Ignore comments' checkbox in the 'Find' dialog,Yang
Bug,function-list,Link to Language,609,Fix for function-list issue #457,Yang
Bug,function-list,Link to Language,457,"Notepad++ does not include a function from a C file in the ""function-list"" window",Yang
Bug,function-list,Link to Language,561,v:6.8: Error in menu using Norwegian language,Yang
Enhancement,function-list,function-list ,5539,Make FunctionList sorting setting memorized between sessions,Chang
Enhancement,function-list,function-list ,5248,Add function count in FunctionList panel,Chang
Enhancement,function-list,function-list ,5356,Make FunctionList sorting setting memorized between sessions,Chang
Enhancement,getting-started,getting-started ,1064,Use MSBuild commands for PostBuild events.,Chang
Enhancement,getting-started,getting-started ,1873,Make windows installer translateable,Chang
Enhancement,getting-started,getting-started ,1856,Installer doesn't have a UAC manifest,Chang
Enhancement,getting-started,getting-started ,615,Windows installer - some text not translated,Chang
Enhancement,getting-started,getting-started ,388,Non-privileged installation?,Chang
Bug,Ghost-Typing,Syntax,6165,"Nessus reports vulnerability ""Microsoft Windows Unquoted Service Path Enumeration""",Yang
Bug,macros,Record a macro,5453,Fixed detection of shorcut key conflicts when filtering,Yang
Bug,macros,Play a recoded macro,7730,Fix too small buffer issue during add text macro playback,Yang
Bug,macros,Play a recoded macro,5340,[Potential crash cause]: Fixed macro playback junk char issue,Yang
Bug,macros,Play a recoded macro,5339,Junk character on macro playback,Yang
Bug,macros,Record a macro,2310,Crash while recording a Macro in Notepad++ v7 (x64),Yang
Bug,macros,Save a recorded macro,830,unable to save a macro,Yang
Bug,macros,Play a recoded macro,649,When calling Macro (ALT+letter) or (CTRL+ALT+letter) it adds some characters,Yang
Bug,macros,Record a macro,454,Added missing macro commands (closes #374),Yang
Bug,macros,Record a macro,374,Macro recording for Line Operations -> Remove Empty Lines doesn't work.,Yang
Enhancement,macros,macros ,7516,Make end-of-line conversion operations macroable,Chang
Enhancement,macros,macros ,6258,The options from menu 'Edit' -> 'EOL Conversion' are not macros recordable,Chang
Enhancement,macros,macros ,5972,Fix issue 1948 to make inverse bookmarking macroable,Chang
Enhancement,macros,macros ,1948,Marking issues in recorded macro,Chang
Enhancement,macros,macros ,5500,Enable Scintilla Virtual Space Option change from macro,Chang
Enhancement,macros,macros ,5463,Can't send some type of Scintilla message with macro,Chang
Feature,other-resources,Tabs,1801,dealing with many open documents,Yang
Feature,other-resources,Notepad Replacement,159,Installer should drop privs when executing the installed binary,Yang
Bug,other-resources,Notepad++ Cheat sheet,607,CTRL + mouse wheel menu not working on Windows 10,Yang
Enhancement,other-resources,other-resources ,1568,Allows switching windows inside npp,Chang
Enhancement,other-resources,other-resources ,719,Scrolling with Ctrl+vertical arrow keys changes cursor position,Chang
Feature,plugin-communication,Notepad++ messages,817,Support for backgrund saving of file,Yang
Bug,plugin-communication,Notepad++ messages,5949,Fix the crash due to NPPM_DESTROYSCINTILLAHANDLE message,Yang
Bug,plugin-communication,Notepad++ messages,4487,NPPM_DESTROYSCINTILLAHANDLE may lead to crash npp,Yang
Bug,plugin-communication,Notepad++ messages,763,Incorrect version detection,Yang
Enhancement,plugin-communication,plugin-communication ,4242,Plugins cannot know file status (RO or snapshot dirty) while Notepad++ start up (Fix #4201),Chang
Enhancement,plugin-communication,plugin-communication ,863,#862 - Allow plugins to retrieve settings directory.,Chang
Feature,plugins,Plugin List,5744,Add new plugins API messages for getting/releasing Scintilla indicator number,Yang
Feature,plugins,Plugin List,5802,Allow extra plugin DLL files to be loaded automatically,Yang
Feature,plugins,Plugin List,5311,Support rename for unnamed tabs,Yang
Feature,plugins,Plugin List,3994,Temporarily Name Unsaved Tabs,Yang
Feature,plugins,Plugin Admin,5233,alphabetize Plugins in Plugins Admin,Yang
Feature,plugins,Plugin List,1976,Copy result of find onto other tab,Yang
Feature,plugins,Plugin List,162,Release a pure 64bit binary for windows,Yang
Bug,plugins,How to install a plugin,5030,User plugins dont stay loaded in V7.6,Yang
Bug,plugins,Plugins Admin,5593,Bug Fix: Don't remove whole plugin System,Yang
Bug,plugins,Plugins Admin,5279,Removing an non-plugin-admin-managed plugin causes whole plugins folder to disappear,Yang
Bug,plugins,Plugins Admin,5576,Plugins Admin removes itself and all other plugins,Yang
Bug,plugins,How to install a plugin,5577,No translation for Plugins menu,Yang
Bug,plugins,Plugins Admin,5013,Plugin Admin gup.exe crash,Yang
Bug,plugins,How to develop a plugin,1980,Wrong plugin is reported during plugin crash. The FIRST plugin in the plugin folder is blamed,Yang
Bug,plugins,Plugins Admin,884,Cannot restore window minimized to system tray when running in admin mode,Yang
Bug,plugins,Plugin List,727,Explorer.dll prevents Notepad++ from shuting down,Yang
Bug,plugins,How to develop a plugin,514,Uninitialized read in FileDialog.cpp,Yang
Enhancement,plugins,plugins ,5853,Load plug-ins with LoadLibraryEx,Chang
Enhancement,plugins,plugins ,5652,Plugin install via Plugin Admin silently fails if sourceforge.net is unreachable,Chang
Enhancement,plugins,plugins ,5785,plugin admin UI resizable,Chang
Enhancement,plugins,plugins ,5680,Plugins Admin is resizable and maximizable,Chang
Enhancement,plugins,plugins ,5708,plugin admin date,Chang
Enhancement,plugins,plugins ,5742,Plugins Admin: add plugin release date,Chang
Enhancement,plugins,plugins ,5681,plugins admin UI enhancement,Chang
Feature,Preferences,Highlighting,5034,Highlight trailing white-space,Yang
Feature,Preferences,Editing,4937,Secondary Bertical Edge,Yang
Feature,Preferences,New Document,3522,Add Bulgarian MIK code table under cyrillic character sets,Yang
Feature,Preferences,Style Configurator,3292,syntax highlight for Maxima CAS,Yang
Feature,Preferences,New Document,2105,Add Encoding-Character sets-Chinese-GB18030(Extended Chinese),Yang
Feature,Preferences,General,7749,"Add ""Fold All"" tollbar command in Folder As Workspace",Yang
Feature,Preferences,New Document,5124,add support for GB18030,Yang
Feature,Preferences,Style Configurator,1975,For replace function should be a checkbox to allow replace in readonly files,Yang
Feature,Preferences,Highlighting,1974,string hight light also visible in scrollbar,Yang
Feature,Preferences,New Document,1859,not on Mac,Yang
Feature,Preferences,File Association,1786,Give Notepad++ Default File Associations,Yang
Feature,Preferences,Editing,737,Ability to measure selection,Yang
Feature,Preferences,Editing,731,Make anit-aliasing optional-regalrdless of the Cleartype System settings,Yang
Feature,Preferences,New Document,623,Locking Files,Yang
Feature,Preferences,General,573,Customizable toolbar,Yang
Feature,Preferences,Editing,521,Scroll Tab Bar with mouse wheel,Yang
Feature,Preferences,Editing,519,Simultaneously edit tag pairs in HTML and XML,Yang
Feature,Preferences,MISC,518,Command line argument to read in a Workspace file.,Yang
Feature,Preferences,New Document,515,Mac notepad++  Please!,Yang
Feature,Preferences,MISC,504,skip to last tab quickly,Yang
Feature,Preferences,Editing,482,"soft line wrapping on ""Vertical Edge""",Yang
Feature,Preferences,Auto completion,479,Automatic indentation detection,Yang
Feature,Preferences,General,446,Use Windows file type icons on the tabs,Yang
Feature,Preferences,MISC,342,Export settings to an xml file,Yang
Feature,Preferences,New Document,324,Batch Convert Encoding,Yang
Feature,Preferences,Backup,247,"""pin"" certain recently edited files so that they always stay in the list",Yang
Feature,Preferences,MISC,209,Allows user defined extension to associate workspace files,Yang
Feature,Preferences,MISC,169,Associate file extension with workspace files,Yang
Bug,Preferences,Backup,5419,Search-Results: NPP does not switch to new unsaved files,Yang
Bug,Preferences,General,5294,Notepad++ bug with document map scrollbar on multiple windows desktops,Yang
Bug,Preferences,New Document,3836,"Fix ""Encode in ..."" Menu",Yang
Bug,Preferences,New Document,2812,Different MD5 and SHA-256 sums in ANSI file,Yang
Bug,Preferences,Highlighting,7754,incremental search bar: don't clear 'highlight all' option on closing,Yang
Bug,Preferences,MISC,7524,Fixed #7508,Yang
Bug,Preferences,General,6278,Fix tab dragging issues related to switching off TCS_BUTTONS under multi-line tabs mode (per AngryGamer's suggestions),Yang
Bug,Preferences,MISC,5882,Fix Document Peeker constantly changing focus,Yang
Bug,Preferences,Default Directory,5868,Create file confirmation modal has incorrect file name,Yang
Bug,Preferences,Recent Files History,5672,"In the menu ""File"" localization disappears ""Recent Files"" and ""Restore Recent Closed File""",Yang
Bug,Preferences,Recent Files History,5557,"Localize ""Restore recent close file"" too",Yang
Bug,Preferences,Recent Files History,1476,Restore Recent Closed File translation not picked up,Yang
Bug,Preferences,Editing,5261,N++ crashes when sorting lines with numbers longer than 20 digits,Yang
Bug,Preferences,Editing,5555,Fixed crash,Yang
Bug,Preferences,MISC,5554,Fixed defect #5516,Yang
Bug,Preferences,MISC,680,Resizing panes allows automatic resizing of Other View,Yang
Bug,Preferences,MISC,5516,Resizing panes allows automatic resizing of Other View,Yang
Bug,Preferences,Shortcut Mapper,5549,Adjusted a few Swedish shortcuts in the Find dialog to avoid clashes.¡¦,Yang
Bug,Preferences,General,5479,doc switcher right click column header (ex:name) causes crash,Yang
Bug,Preferences,General,5450,Drag tab switches document sometimes,Yang
Bug,Preferences,Global Styles,5441,Fixed multi cursor bugs,Yang
Bug,Preferences,General,5438,Regression: Fixed crash,Yang
Bug,Preferences,Shortcut Mapper,5374,shortcut mapper conflict doesn't display right when filtered,Yang
Bug,Preferences,New Document,5314,Crash Fixed: Regression,Yang
Bug,Preferences,Search Engine,5312,Bug Fix for Tab context menu,Yang
Bug,Preferences,New Document,5202,Auto Detect UTF-8 Encoding for French is broken in Notepad++ 7.6.x (detects vietnamese windows-1258),Yang
Bug,Preferences,File Association,5041,[BUG]file open bug,Yang
Bug,Preferences,Print,4749,Page header and footer preferences do not set properly,Yang
Bug,Preferences,File Association,4655,Notepad++ is corrupting files and opening them with null values.,Yang
Bug,Preferences,New Document,3738,Fix check sign in Encoding menu not always shown,Yang
Bug,Preferences,Language,3631,Language list shows disabled languages,Yang
Bug,Preferences,General,3186,multi-row tab isn't selected on right-click,Yang
Bug,Preferences,Shortcut Mapper,2928,Moving text with keyboard shortcurts introduces garbage,Yang
Bug,Preferences,Recent Files History,2746,"""Don't check at launch time"" does not work",Yang
Bug,Preferences,Style Configurator,2646,Styler for user-defined highlighting crashes program when given arbitrary string,Yang
Bug,Preferences,Editing,2508,Notepad crashing while making new folder,Yang
Bug,Preferences,Shortcut Mapper,2035,Fixed crash issue,Yang
Bug,Preferences,General,2010,Wrong mouse cursor over title bar  menu and document tabs,Yang
Bug,Preferences,Default Directory,1978,rename will not move a file to a new drive,Yang
Bug,Preferences,New Document,1874,Opening a blank file should use same encoding as for a new document,Yang
Bug,Preferences,General,1736,Notepad++ v6.9.1 crash after update destroying opened file,Yang
Bug,Preferences,Backup,1470,Opening a document in notepad++ via command line will discard unsaved changes.,Yang
Bug,Preferences,MISC,1018,Prevent automatic reload of files before shutdown,Yang
Bug,Preferences,Editing,970,Macro problem with 'Word wrap' in NP++ v6.8.3,Yang
Bug,Preferences,Backup,792,Possible fix for #215 - changing timezone causes all files to appear changed,Yang
Bug,Preferences,Backup,215,changing timezone causes all files to appear changed,Yang
Bug,Preferences,MISC,749,After splitting URL  non-URL part remains underlined,Yang
Bug,Preferences,Language,747,language syntax highlighting lost after compare files,Yang
Bug,Preferences,Recent Files History,740,Special characters not shown in list of recent files,Yang
Bug,Preferences,Language,696,Manually selected language not persistant when moving file to a different window,Yang
Bug,Preferences,General,692,Toolbar: properly refresh when switching over small/big icons,Yang
Bug,Preferences,General,673,Preferences: the main toolbar is not properly refreshed when switching over small/big icons,Yang
Bug,Preferences,MISC,689,Reload marks file as unsaved,Yang
Bug,Preferences,General,674,"Preferences: the dialog loses focus when selecting ""Show Document List panel""",Yang
Bug,Preferences,Default Directory,672,Mouse wheel just don't work in the preferences dialog,Yang
Bug,Preferences,New Document,671,Font: Strange symbols in Windows 10,Yang
Bug,Preferences,Editing,670,Compare plugin forgets word wrap,Yang
Bug,Preferences,General,663,Opening files per drag&drop form explorer does not work anymore,Yang
Bug,Preferences,Default Directory,658,Cannot access files on virtual drives,Yang
Bug,Preferences,Cloud,652,Saving settings to OneDrive on Windows 10,Yang
Bug,Preferences,highlighting,647,"Smart Highlighter and ""Other View""",Yang
Bug,Preferences,General,644,Project Panel missing in 6.8.1,Yang
Bug,Preferences,Style Configurator,634,"Source Code Pro font installed with Notepad++ does not have bold ""&"" character",Yang
Bug,Preferences,Style Configurator,547,Ampersands are not displayed with new Font (Source Code Pro),Yang
Bug,Preferences,General,630,Active tab selection,Yang
Bug,Preferences,Backup,601,Snapshot file not cloned on restart,Yang
Bug,Preferences,Recent Files History,580,HTML Tag (CTRL+Shift+T) not working,Yang
Bug,Preferences,General,579,Tab color red even after save,Yang
Bug,Preferences,MISC,571,Look of Ctrl+Tab window,Yang
Bug,Preferences,Recent Files History,558,Use-after-free in doOpen (from opening recent file),Yang
Bug,Preferences,General,539,The status bar does not adjust the individual segments to the (scaled) string size on HiDPI systems,Yang
Bug,Preferences,Delimiter,533,v6.8: Search for CommaCRLFCRLF finds nothing in a WinDOS UTF-8 [Normal] Text File,Yang
Bug,Preferences,highlighting,532,Fortran syntax highlighting only works on fixed-form code,Yang
Bug,Preferences,Global Styles,527,Global override style does not override line number margin font,Yang
Bug,Preferences,Editing,522,Request for pull of bug fix #520 and subsequent pull of feature #521,Yang
Bug,Preferences,Shortcut Mapper,520,Delete/modify Shortcut/Macro menu with 0 items results in crash,Yang
Bug,Preferences,Editing,517,Line wrap : doesn't work,Yang
Bug,Preferences,Style Configurator,501,korean named font can't apply...,Yang
Bug,Preferences,Auto-Completion,498,Comments in HTML and XML are incorrectly auto closed,Yang
Bug,Preferences,New Document,489,n++ is blocking the folder although the file has been closed already.,Yang
Bug,Preferences,Auto-Completion,478,Incorrect commenting XML,Yang
Bug,Preferences,Global Styles,474,Some mathmatical characters arent always displayed,Yang
Bug,Preferences,MISC,432,non-English characters not appearing correctly,Yang
Bug,Preferences,MISC,431,wrong character set after saving txt file,Yang
Bug,Preferences,New Document,425,Some ANSI extended characters not counted in selection counter,Yang
Bug,Preferences,Global Styles,420,Editor jitters with extra digit in line numbers,Yang
Bug,Preferences,Backup,398,Error on saving and reopening file,Yang
Enhancement,preferences,Preferences ,2454,"64 bit version is not registering itself in ""Open with"" menu",Chang
Enhancement,preferences,Preferences ,5053,Improve Backup,Chang
Enhancement,preferences,Preferences ,2117,Save Monitoring (tail) state between sessions.,Chang
Enhancement,preferences,Preferences ,4527,Supressed reload dialog when Monitoring is enabled #3142,Chang
Enhancement,preferences,Preferences ,741,Application locks up when network folder unreachable,Chang
Enhancement,preferences,Preferences ,473,Update settings on cloud in czech.xml,Chang
Enhancement,preferences,Preferences ,5418,NPP jumps to the beginning of a wrapped line after switching between tabs,Chang
Enhancement,preferences,Preferences ,5232,Feature Request - word wrap per tab,Chang
Enhancement,preferences,Preferences ,2571,Disable drag-and-drop text editing (NPP v6.3 and v6.6.9),Chang
Enhancement,preferences,Preferences ,7781,Fix scintilla restoring wrapped buffer issue,Chang
Enhancement,preferences,Preferences ,5626,"disable ""enhancement"": after file reload user can still undo.",Chang
Enhancement,preferences,Preferences ,2034,Added new Option: Enable scrolling beyond last line,Chang
Enhancement,preferences,Preferences ,1912,Update old themes to use the correct style IDs for Pascal,Chang
Enhancement,preferences,Preferences ,1574,Minor performance enhancements,Chang
Enhancement,preferences,Preferences ,1258,Support missing Lexers,Chang
Enhancement,preferences,Preferences ,641,C# syntax color  string literal formatted as VERBATIM style,Chang
Enhancement,preferences,Preferences ,587,Allows auto-inserted text to be an undoable action,Chang
Enhancement,preferences,Preferences ,586,Undo action for auto-inserted characters,Chang
Enhancement,preferences,Preferences ,572,Indentation depth of wrapped lines,Chang
Enhancement,preferences,Preferences ,469,how about add Rust language lexer?,Chang
Enhancement,preferences,Preferences ,2622,Option to auto expand the function-list,Chang
Enhancement,preferences,Preferences ,4595,File association and registering as the default application,Chang
Enhancement,preferences,Preferences ,6156,Remove association check before enabling 'View Current File In' menu items,Chang
Enhancement,preferences,Preferences ,5903,`View current file in ...` for more file types,Chang
Enhancement,preferences,Preferences ,5000,Fixed file association bugs and enhancement,Chang
Enhancement,preferences,Preferences ,654,File Association dialog still cuts text,Chang
Enhancement,preferences,Preferences ,637,Improve space usage in File Association dialog,Chang
Enhancement,preferences,Preferences ,535,Extensions list in File Associations dialog is too thin,Chang
Enhancement,preferences,Preferences ,419,yaml extension for YAML files,Chang
Enhancement,preferences,Preferences ,418,Adding yaml file extension in languages,Chang
Enhancement,preferences,Preferences ,3526,Preferences->General->Document List Panel->Show should have toggle in View menu,Chang
Enhancement,preferences,Preferences ,7640,Increased size the field for localizations.,Chang
Enhancement,preferences,Preferences ,7562,[Fixed issue]: Open Explorer with Correct path in Folder as workspace,Chang
Enhancement,preferences,Preferences ,5981,[IMPROVE] Open folder in explorer in Folder as workspace improvement,Chang
Enhancement,preferences,Preferences ,5056,"Feature request: Add ""Save As"" button between ""Save"" and ""Save All"" buttons. Thanks.",Chang
Enhancement,preferences,Preferences ,4879,Impossible preview in browser of a non-saved HTML file,Chang
Enhancement,preferences,Preferences ,1862,"Use new style folder browser for ""Open Folder as Workspace""",Chang
Enhancement,preferences,Preferences ,1566,Folder as Workspace causes very slow startup,Chang
Enhancement,preferences,Preferences ,1542,folder as workspace : file - open folder as workspace,Chang
Enhancement,preferences,Preferences ,1001,Update bengali.xml,Chang
Enhancement,preferences,Preferences ,956,Show Notepad++.exe bitness in about box,Chang
Enhancement,preferences,Preferences ,772,Adjust toolbar height (fixes #771),Chang
Enhancement,preferences,Preferences ,771,Uneven padding above and below the toolbar buttons,Chang
Enhancement,preferences,Preferences ,687,"Plug-in icons only shown in ""Standard icons"" mode",Chang
Enhancement,preferences,Preferences ,667,Disable the unused gripper of toolbar,Chang
Enhancement,preferences,Preferences ,633,Disable the unused gripper of toolbar,Chang
Enhancement,preferences,Preferences ,645,Notepad++ has too few icons in its UI,Chang
Enhancement,preferences,Preferences ,629,UI scaling for high-resolution desktop displays,Chang
Enhancement,preferences,Preferences ,618,Enhancement: localization list sorted by name,Chang
Enhancement,preferences,Preferences ,5583,Option to MONITOR a file when RELOAD is detected,Chang
Enhancement,preferences,Preferences ,2573,Doc Switcher: context menu option doesn't make sense in vertical...,Chang
Enhancement,preferences,Preferences ,1541,folder as workspace : sort files,Chang
Enhancement,preferences,Preferences ,1450,[Proposal] Prompt before opening file exceeding a given size,Chang
Enhancement,preferences,Preferences ,5286,Only checking for filesystem changes when the tab is selected,Chang
Enhancement,preferences,Preferences ,1087,Do not switch tab on file modification,Chang
Enhancement,preferences,Preferences ,5141,Reload triggered by File Status Auto-Detection purges Undo buffer,Chang
Enhancement,preferences,Preferences ,5125,Added workspace file sorting,Chang
Enhancement,preferences,Preferences ,944,Doc Switcher: option to remove blue diskette icon,Chang
Enhancement,preferences,Preferences ,743,Disable Clickable Link Setting does NOT disable links in current document.,Chang
Enhancement,preferences,Preferences ,702,Better document map,Chang
Enhancement,preferences,Preferences ,681,Issues opening large files,Chang
Enhancement,preferences,Preferences ,664,File Status Auto-Detect,Chang
Enhancement,preferences,Preferences ,631,"Save titles bar location for ""Doc Switcher""",Chang
Enhancement,preferences,Preferences ,4151,Don't halt find/replace operation because of large file,Chang
Enhancement,preferences,Preferences ,5900,Encoding Menu : add new options UCS-2 BE and UCS-2 LE,Chang
Enhancement,preferences,Preferences ,636,Printing Suggestion,Chang
Enhancement,preferences,Preferences ,6272,Simple UX Improvement - Recent Files Vertical Alignment,Chang
Enhancement,preferences,Preferences ,2996,Display MRU list properly on seconday display,Chang
Enhancement,preferences,Preferences ,582,Recent Files: Prompt if file has been deleted,Chang
Enhancement,preferences,Preferences ,468,User defined commands: using DuckDuckGo as default search engine,Chang
Enhancement,preferences,Preferences ,466,Custom search engine,Chang
Enhancement,preferences,Preferences ,407,Don't want Google Search in context menu,Chang
Enhancement,preferences,Preferences ,5610,[Feature Request] Improve usability in Shortcut mapper: Make the columns resizable,Chang
Enhancement,preferences,Preferences ,7948,"Fix for Issue# 7895 - Keyboard shortcut for ""Open Containing Folder in Explorer"" is partially broken",Chang
Enhancement,preferences,Preferences ,5131,Fixed issue #1898 by using a fold level stack.,Chang
Enhancement,preferences,Preferences ,1898,No Python code folding past level 1,Chang
Enhancement,preferences,Preferences ,2029,Added conflict detection to Shortcut Mapper,Chang
Enhancement,preferences,Preferences ,1954,Detect duplicate keyboard shortcut,Chang
Enhancement,preferences,Preferences ,1845,Incremental Search Next/Previous keyboard shortcuts,Chang
Enhancement,preferences,Preferences ,1572,Ctrl+Shift+W for Close All,Chang
Enhancement,preferences,Preferences ,2821,Feature request : Add date & time stamps hotkey without need to use external plugins,Chang
Enhancement,preferences,Preferences ,4782,Color picker could be made to remember custom colors,Chang
Enhancement,preferences,Preferences ,5821,Minor fix for issue #5815  only use SC_IV_LOOKFORWARD for Python like folding.,Chang
Enhancement,preferences,Preferences ,2003,Add xml entity style,Chang
Enhancement,preferences,Preferences ,1991,Please add syntax highlighting for XML entities,Chang
Enhancement,preferences,Preferences ,897,Add style option for XML entity,Chang
Enhancement,preferences,Preferences ,1983,.hh files are not recognized as C++,Chang
Enhancement,preferences,Preferences ,1585,Recognize .frm .bas .cls as Visal Basic language,Chang
Enhancement,preferences,Preferences ,1471,Delphi project file (.dpr) syntax not autodetected,Chang
Enhancement,preferences,Preferences ,1433,Treat .ino files as C++,Chang
Enhancement,preferences,Preferences ,721,Font size settings with up-down-controls,Chang
Enhancement,preferences,Preferences ,676,"Revert to a system monospace font instead of ""Source Code Pro""",Chang
Enhancement,preferences,Preferences ,639,Possibility to filter Monospaced Fonts in global settings dialog,Chang
Enhancement,preferences,Preferences ,5291,"Feature request: Variable transparency for ""Find Results"" active / current line for people with low vision. Thanks.",Chang
Enhancement,preferences,Preferences ,4795,Close All needs verification pop up,Chang
Enhancement,preferences,Preferences ,7553,"Improve: ""Close all but This"" functionality",Chang
Enhancement,preferences,Preferences ,5434,PR to discuss about zoom value on status bar,Chang
Enhancement,preferences,Preferences ,4566,Percentage of zooming in and out,Chang
Enhancement,preferences,Preferences ,4943,Fixed Read-Only flag (user read only) syncing issue,Chang
Enhancement,preferences,Preferences ,4942,Read-Only flag (user read only) is not synced,Chang
Enhancement,preferences,Preferences ,1930,Added some error checking during file saving.,Chang
Enhancement,preferences,Preferences ,1168,Redirection error when editing a file in c:\windows\system32 on Win7/64,Chang
Enhancement,preferences,Preferences ,891,Add PAE LargeAdressAware for 32bit use up to 4GB RAM on Windows 64bit,Chang
Feature,programing-languages,supported programing-languages,1652,Add support for python GUI and lisp,Yang
Feature,programing-languages,supported programing-languages,602,Possibility to add additional styles to an existing programming language in the style configurator,Yang
Feature,programing-languages,supported programing-languages,361,Using cmake for building notepad++,Yang
Enhancement,programing-languages,programing-languages ,1949,Fix Cppcheck static analysis warnings,Chang
Enhancement,programing-languages,programing-languages ,1821,Add the instructions movabs and cvtsi2sdq; and the register sets r8-15 and xmm8-15.,Chang
Enhancement,programing-languages,programing-languages ,751,Add movsxd and cdqe.,Chang
Enhancement,programing-languages,programing-languages ,750,Add uint{8 16 32 64}_t and size_t data types.,Chang
Enhancement,programing-languages,programing-languages ,746,Syntax highlighting for nexted Scala comments,Chang
Enhancement,programing-languages,programing-languages ,744,Wrong highlighting of cyrillic characters in SQL,Chang
Enhancement,programing-languages,programing-languages ,711,Syntax highlighting and content suggestion for CSS should support Flexible Box Layout,Chang
Enhancement,programing-languages,programing-languages ,704,SQL colorization changed in error by code.,Chang
Enhancement,programing-languages,programing-languages ,703,Default configuration of Notepad++ breaks Python files by adding tabs instead of spaces,Chang
Enhancement,programing-languages,programing-languages ,700,langs.model.xml: Additions to PHP highlight,Chang
Enhancement,programing-languages,programing-languages ,660,"highlighting disabled after R"" (literal string) sequence in c++",Chang
Enhancement,programing-languages,programing-languages ,651,Could notepad++ support dart language?,Chang
Enhancement,programing-languages,programing-languages ,642,Implement ANTLR syntax highlight,Chang
Enhancement,programing-languages,programing-languages ,611,Feature Request: Detect shell scripts for files without extensions  and select the 'Shell' language for syntax highlighting,Chang
Enhancement,programing-languages,programing-languages ,555,PHP Keywords,Chang
Enhancement,programing-languages,programing-languages ,549,Enable Notepad++ support both SCLEX_FORTRAN and SCLEX_F77,Chang
Enhancement,programing-languages,,488,langs.model.xml: Additions to PHP highlight,Chang
Enhancement,programing-languages,programing-languages ,484,C language has incorrect comments,Chang
Enhancement,programing-languages,programing-languages ,459,PHP function stripos() not recognized,Chang
Enhancement,programing-languages,programing-languages ,161,JavaScript syntax highlighting inside HTML breaks on $ followed by number,Chang
Enhancement,programing-languages,programing-languages ,1027,Improve the language detection at the beginning of a file,Chang
Feature,Searching,dialog-based-serching,6175,Feature Request,Yang
Feature,Searching,Dialog-free search/mark actions,7736,Add feature to select/show current editing file in Folder As Workspace,Yang
Feature,Searching,Dialog-based searching,5533,"Open File should remember the ""Files of type:"" field between executions",Yang
Feature,Searching,"Comparison between ""Select and Find Next"" and ""Find Next(Volatile)""",5322,Select the next occurrence-shortcut,Yang
Feature,Searching,"Comparison between ""Select and Find Next"" and ""Find Next(Volatile)""",5399,Added multicursor improbements,Yang
Feature,Searching,Find/Replace,3115,Possible Feature Idea-Paste to existing tab,Yang
Feature,Searching,Find/Replace,2162,copy on select feature in notepad++,Yang
Feature,Searching,Dialog-based searching,2033,Move Tab Forward/Backward,Yang
Feature,Searching,Dialog-based searching,1864,Implement user commands for moving the current file tab,Yang
Feature,Searching,Other commands,2025,Sort as integers doesn't work correctly for lines with two integers,Yang
Feature,Searching,Dialog-free search/mark actions,715,Highlight the current function based on Cursor position,Yang
Feature,Searching,,705,Allow the use of arrow keys while in multi-caret mode,Yang
Feature,Searching,Copying text from the Find result window,694,Add a new command to copy Notepad++/System info into clipboard for bug report,Yang
Feature,Searching,Copying text from the Find result window,593,Prevent the cursor from jumping into next line when marking whole line via line numbers,Yang
Feature,Searching,Incremental Search,526,Incremental Search: add search direction option with All|Up|Down,Yang
Feature,Searching,Regex Special Characters,495,Add an option to remove all special characters from your selection,Yang
Feature,Searching,Searching actions when recorded as macros,452,Saved Find & Replace strings,Yang
Bug,Searching,Regular Expressions,5538,remove consecutive duplicate lines in 7.6.6 removes all lines but one w/ this file. 1million line limit & EOL affects function as well,Yang
Bug,Searching,Regular Expressions,4529,On Debug Build  Korean Input has Assert.,Yang
Bug,Searching,Dialog-based searching,3813,[BUG v756] Replace dialog scary with keyboard input!,Yang
Bug,Searching,Dialog-based searching,3640,Backward-direction checkbox enabled with Reg Exp search mode (at N++ startup),Yang
Bug,Searching,Dialog-based searching,6202,tab fix,Yang
Bug,Searching,Dialog-based searching,4339,Inconsistent crash when dragging tabs,Yang
Bug,Searching,Dialog-based searching,5792,Fix tab dragging on WINE and ReactOS,Yang
Bug,Searching,Copying text from the Find result window,5773,Continuation of PR #5591 (workarround to MS ReadDirectoryChanges bug),Yang
Bug,Searching,Copying text from the Find result window,5591,Fixed File Monitoring Reload issue,Yang
Bug,Searching,Copying text from the Find result window,5586,ISSUE: RELOAD dialog appears when MONITORing a file,Yang
Bug,Searching,Search modifiers,5708,Set embedded ASP default language to VB,Yang
Bug,Searching,¡°Find result¡± Window,5665,Fixed issue: Unhiding top marker removes all other markers,Yang
Bug,Searching,Copying text from the Find result window,5595,Re-loading the same text file over and over results in huge memory taken up,Yang
Bug,Searching,Find in Files,5295,Minor 7.6.3 bug: File open filtering not working properly,Yang
Bug,Searching,Copying text from the Find result window,4849,Attempting to move a rectangular text selection generates garbage text,Yang
Bug,Searching,Other commands,4633,`Main menu > View > Collapse Level > N` works only for the first level for Python scripts,Yang
Bug,Searching,Regular Expressions,4530,Fix Unicode Problem. Issue Name 'On Debug Build  Korean Input has As¡¦,Yang
Bug,Searching,Dialog-based searching,3384,Double FileTab problem (Bug),Yang
Bug,Searching,dialog-based-serching,2743,Wrong MD5 sum with Cyrillic text in dialog window,Yang
Bug,Searching,Copying text from the Find result window,2061,a bug about monitoring(tail -f),Yang
Bug,Searching,Find in Files,2009,Find in files broken,Yang
Bug,Searching,Find in Files,1198,"Hide ""Find in Files progress..."" dialog box",Yang
Bug,Searching,Find in Files,1172,"Notepad++ crashes when moving the ""Find In Files progress"" window while the search finishes",Yang
Bug,Searching,Find/Replace,992,Saving find/replace macro isn't possible,Yang
Bug,Searching,Find in Files,954,Fix #953 Find all files crash in 64-bit since 6.7.5,Yang
Bug,Searching,Find in Files,953,Find all files crash in 64-bit since 6.7.5,Yang
Bug,Searching,Extended Search Mode,795,Possible fix for #725 - Cannot open files that contain ASCII NUL(0x00) correctly,Yang
Bug,Searching,Search modifiers,752,Language not set when creating new file,Yang
Bug,Searching,Extended Search Mode,725,Cannot open files that contain ASCII NUL(0x00) correctly,Yang
Bug,Searching,Regular Expressions,683,Regular expression selects all text  although it shouldn't,Yang
Bug,Searching,Find in Files,682,Dragging search progress window during a Find in Files causes NP++ to freeze,Yang
Bug,Searching,Regular Expressions,675,"Character U+21B2 (""?"")",Yang
Bug,Searching,Control flow,669,Assertion in ScintillaWin::DirectFunction failed!,Yang
Bug,Searching,Regex Special Characters,653,Fix word count regex to include words separated by newline,Yang
Bug,Searching,Dialog-based Searching,640,View -> Summary' doesn't count words correctly,Yang
Bug,Searching,Regex Special Characters,534,v6.8: Backward RegEx Search does not work for UTF-8 Characters in a [Normal] Text File,Yang
Bug,Searching,"""Find result¡± Window",491,Double clicking on search results failing in some cases,Yang
Bug,Searching,Regular Expressions,442,"Characters from Unicode block ""Block Elements"" show as question marks",Yang
Bug,Searching,highlighting,440,Highlight in Document Map visible on screen when Notepad++ minimized,Yang
Bug,Searching,Copying text from the Find result window,411,copy & paste Chinese word display problem,Yang
Enhancement,searching,Searching ,5547,Find All in... feature request (formerly #1499),Chang
Enhancement,searching,Searching ,7950,Sound after an unsuccessful search cannot be disabled,Chang
Enhancement,searching,Searching ,7917,Make Count command respect Backward-direction and Wrap-around options,Chang
Enhancement,searching,Searching ,7876,Feature Suggestion: Find window directional count.,Chang
Enhancement,searching,Searching ,7898,Make Find window remember its position across multiple runs,Chang
Enhancement,searching,Searching ,905,Find/replace dialog should remember its last position,Chang
Enhancement,searching,Searching ,7537,Add disable In-Selection when multiple selections active for Count  Replace-All and Mark-all commands,Chang
Enhancement,searching,Searching ,7532,"Count / ReplaceAll / MarkAll option ""In Selection"" should not be available with multiple selections",Chang
Enhancement,searching,Searching ,6001,Make Combobox font monospace in Find dialog,Chang
Enhancement,searching,Searching ,449,Legibility in the find/replace dialog,Chang
Enhancement,searching,Searching ,5927,Improve GUI in Find dialog,Chang
Enhancement,searching,Searching ,5260,"Add confirmation dialog for ""Replace All in All Opened Documents""",Chang
Enhancement,searching,Searching ,738,Padding for tab captions in find-and-replace dialog,Chang
Enhancement,searching,Searching ,722,Count only in selection,Chang
Enhancement,searching,Searching ,685,Non-blocking find/replace actions,Chang
Enhancement,searching,Searching ,565,Tell regular expression engine (either in find-and-replace or about dialog),Chang
Enhancement,searching,Searching ,564,Named find-and-replace pairs,Chang
Enhancement,searching,Searching ,506,Optional auto-reset of 'Find/Replace/Find in Files/Mark' settings,Chang
Enhancement,searching,Searching ,7626,"#7618 Simple exclude files in ""Find in Files"" filter using ""!""",Chang
Enhancement,searching,Searching ,7618,Simple exclude files in Find in Files filter,Chang
Enhancement,searching,Searching ,1497,Find in files: reduce update rate of find in files progress bar,Chang
Enhancement,searching,Searching ,7664,Make 'Purge for each search' respect 'In selection' for 'Mark All' op,Chang
Enhancement,searching,Searching ,7663,"""Purge for each search"" option for ""Mark All"" action should respect ""In selection"" option",Chang
Enhancement,searching,Searching ,426,SmartHighlighter: whole word limitation?,Chang
Feature,Upgrading,Auto-trigger,422,Remember the last session state across updates,Yang
Bug,Upgrading,Auto-trigger,5375,Auto-updater is run even when corresponding option is disabled,Yang
Bug,Upgrading,Upgrade Manually,2526,v7.2 x64 bit installer tries to install in $PROGRAMFILES,Yang
Bug,upgrading,Auto-trigger,646,autoupdate broken,Yang
Bug,upgrading,Upgrade Manually,494,Misspelling in Dialog,Yang
Enhancement,upgrading,Upgrading ,5550,Proxy Settings with authentification (Username and Password),Chang
Enhancement,upgrading,Upgrading ,5012,notepad ++ update window icon missing,Chang
Enhancement,upgrading,Upgrading ,2120,Add user and password on Proxy Settings,Chang
Enhancement,upgrading,Upgrading ,1624,"Usability Improvement via ""Express Update""",Chang
Enhancement,upgrading,Upgrading ,1380,Support for Proxy PAC,Chang
Bug,user-defined-language-system,UDL Configuration Tabs,7930,Fix UDL folding breaking with delimiters,Yang
Bug,user-defined-language-system,UDL Configuration Tabs,3372,Fix folding in user-defined languages for non-windows line endings,Yang
Bug,user-defined-language-system,UDL Configuration Tabs,2873,UDL folding issues with CR or LF only,Yang
Bug,user-defined-language-system,UDL Configuration Tabs,698,Multiline replace,Yang
Enhancement,user-defined-language-system,User Defined Language ,677,UDL support for number-containing keywords inside delimiters,Chang
Enhancement,user-defined-language-system,user-defined-language-system ,6128,BaanC Add keyword lists and respective langs & styler xml tags.,Chang
Enhancement,user-defined-language-system,user-defined-language-system ,5458,Fixed issue and allow some more characters in UDL name,Chang
Enhancement,user-defined-language-system,user-defined-language-system ,612,User-Defined Language  review comment line,Chang
Enhancement,user-defined-language-system,user-defined-language-system ,7540,Resolve #5404 - Add a Languages submenu item to open UDL folder.,Chang
Enhancement,user-defined-language-system,user-defined-language-system ,5404,[Request]: Open UDL Language(s) Folder...,Chang
